[
    {
        "id": 0,
        "name": "Product 0",
        "price": 20,
        "image": "image/product1.jpg"
    },
    {
        "id": 1,
        "name": "Product 1",
        "price": 20,
        "image": "image/product1.jpg"
    },
    {
        "id": 2,
        "name": "Product 2",
        "price": 20,
        "image": "image/Product2.jpg"
    },
    {
        "id": 3,
        "name": "Product 3",
        "price": 20,
        "image": "image/Product3.jpg"
    },
    {
        "id": 4,
        "name": "Product 4",
        "price": 20,
        "image": "image/Product4.jpg"
    },
    {
        "id": 5,
        "name": "Product 5",
        "price": 20,
        "image": "image/Product5.jpg"
    },
    {
        "id": 6,
        "name": "Product 6",
        "price": 20,
        "image": "image/Product6.jpg"
    },
    {
        "id": 7,
        "name": "Product 7",
        "price": 20,
        "image": "image/Product7.jpg"
    },
    {
        "id": 8,
        "name": "Product 8",
        "price": 20,
        "image": "image/Product8.jpg"
    },
    {
        "id": 9,
        "name": "Product 9",
        "price": 20,
        "image": "image/Product9.jpg"
    },
    {
        "id": 10,
        "name": "Product 10",
        "price": 20,
        "image": "image/Product10.jpg"
    }
]
